{"cameraMode":{"drawMode":0,"name":"Shaded","section":"Shading Mode"},"sceneLighting":true,"audioPlay":false,"sceneViewState":{"showFog":true,"showMaterialUpdate":false,"showSkybox":true,"showFlares":true,"showImageEffects":true,"showParticleSystems":true,"showVisualEffectGraphs":true,"m_FxEnabled":true},"in2DMode":false,"pivot":{"x":-59.064212799072269,"y":3.546020984649658,"z":0.12861502170562745},"rotation":{"x":0.0018441700376570225,"y":0.9981165528297424,"z":0.04763679578900337,"w":-0.0386454202234745},"size":3.626582622528076,"orthographic":false}