{"cameraMode":{"drawMode":0,"name":"Shaded","section":"Shading Mode"},"sceneLighting":true,"audioPlay":false,"sceneViewState":{"showFog":true,"showMaterialUpdate":false,"showSkybox":true,"showFlares":true,"showImageEffects":true,"showParticleSystems":true,"showVisualEffectGraphs":true,"m_FxEnabled":true},"in2DMode":false,"pivot":{"x":-18.067724227905275,"y":-6.594927787780762,"z":-18.028274536132814},"rotation":{"x":0.2282702624797821,"y":0.02979758195579052,"z":-0.006989630870521069,"w":0.9731190204620361},"size":20.148767471313478,"orthographic":false}