{"cameraMode":{"drawMode":0,"name":"Shaded","section":"Shading Mode"},"sceneLighting":true,"audioPlay":false,"sceneViewState":{"showFog":true,"showMaterialUpdate":false,"showSkybox":true,"showFlares":true,"showImageEffects":true,"showParticleSystems":true,"showVisualEffectGraphs":true,"m_FxEnabled":true},"in2DMode":false,"pivot":{"x":33.623504638671878,"y":0.8581172227859497,"z":28.465206146240236},"rotation":{"x":-0.0010300014400854707,"y":0.96944260597229,"z":-0.245279461145401,"w":-0.0040711648762226109},"size":4.700065612792969,"orthographic":false}