{"cameraMode":{"drawMode":0,"name":"Shaded","section":"Shading Mode"},"sceneLighting":false,"audioPlay":false,"sceneViewState":{"showFog":true,"showMaterialUpdate":false,"showSkybox":false,"showFlares":true,"showImageEffects":true,"showParticleSystems":true,"showVisualEffectGraphs":true,"m_FxEnabled":true},"in2DMode":false,"pivot":{"x":0.24249553680419923,"y":1.5000038146972657,"z":0.6883087158203125},"rotation":{"x":-0.18439307808876038,"y":-0.5822619199752808,"z":0.13769134879112245,"w":-0.7797535061836243},"size":3.152332305908203,"orthographic":false}