{"cameraMode":{"drawMode":0,"name":"Shaded","section":"Shading Mode"},"sceneLighting":true,"audioPlay":false,"sceneViewState":{"showFog":true,"showMaterialUpdate":false,"showSkybox":true,"showFlares":true,"showImageEffects":true,"showParticleSystems":true,"showVisualEffectGraphs":true,"m_FxEnabled":true},"in2DMode":false,"pivot":{"x":-0.8488328456878662,"y":6.443362712860107,"z":-0.35270440578460696},"rotation":{"x":0.10426332801580429,"y":0.8860775232315064,"z":-0.24237500131130219,"w":0.38113516569137576},"size":0.8947328925132752,"orthographic":false}