{"cameraMode":{"drawMode":0,"name":"Shaded","section":"Shading Mode"},"sceneLighting":true,"audioPlay":false,"sceneViewState":{"showFog":true,"showMaterialUpdate":false,"showSkybox":true,"showFlares":true,"showImageEffects":true,"showParticleSystems":true,"showVisualEffectGraphs":true,"m_FxEnabled":true},"in2DMode":false,"pivot":{"x":13.250682830810547,"y":3.4000730514526369,"z":-5.422924995422363},"rotation":{"x":-0.048924870789051059,"y":-0.7577304244041443,"z":0.05716434121131897,"w":-0.6482608914375305},"size":10.532962799072266,"orthographic":false}