{"cameraMode":{"drawMode":0,"name":"Shaded","section":"Shading Mode"},"sceneLighting":false,"audioPlay":false,"sceneViewState":{"showFog":true,"showMaterialUpdate":false,"showSkybox":false,"showFlares":true,"showImageEffects":true,"showParticleSystems":true,"showVisualEffectGraphs":true,"m_FxEnabled":true},"in2DMode":false,"pivot":{"x":0.014789551496505738,"y":0.1698676347732544,"z":0.7307314872741699},"rotation":{"x":0.28058210015296938,"y":-0.17666760087013246,"z":0.05262305587530136,"w":0.9419645667076111},"size":3.0563344955444338,"orthographic":false}