{"cameraMode":{"drawMode":0,"name":"Shaded","section":"Shading Mode"},"sceneLighting":false,"audioPlay":false,"sceneViewState":{"showFog":true,"showMaterialUpdate":false,"showSkybox":false,"showFlares":true,"showImageEffects":true,"showParticleSystems":true,"showVisualEffectGraphs":true,"m_FxEnabled":true},"in2DMode":false,"pivot":{"x":-0.4409446120262146,"y":0.8262520432472229,"z":0.42039942741394045},"rotation":{"x":0.33071476221084597,"y":0.04725533723831177,"z":-0.01658388040959835,"w":0.9424031972885132},"size":3.3563342094421388,"orthographic":false}