{"cameraMode":{"drawMode":0,"name":"Shaded","section":"Shading Mode"},"sceneLighting":false,"audioPlay":false,"sceneViewState":{"showFog":true,"showMaterialUpdate":false,"showSkybox":false,"showFlares":true,"showImageEffects":true,"showParticleSystems":true,"showVisualEffectGraphs":true,"m_FxEnabled":true},"in2DMode":false,"pivot":{"x":0.19761689007282258,"y":0.6644322872161865,"z":-0.06590064615011215},"rotation":{"x":-0.15767091512680055,"y":0.07077375799417496,"z":-0.011122699826955796,"w":-0.9850056767463684},"size":2.4594640731811525,"orthographic":false}