{"cameraMode":{"drawMode":0,"name":"Shaded","section":"Shading Mode"},"sceneLighting":true,"audioPlay":false,"sceneViewState":{"showFog":true,"showMaterialUpdate":false,"showSkybox":true,"showFlares":true,"showImageEffects":true,"showParticleSystems":true,"showVisualEffectGraphs":true,"m_FxEnabled":true},"in2DMode":false,"pivot":{"x":-0.01688927412033081,"y":1.0971252918243409,"z":3.314304828643799},"rotation":{"x":-0.13383816182613374,"y":0.33670926094055178,"z":-0.048414189368486407,"w":-0.9307992458343506},"size":2.3865890502929689,"orthographic":false}