{"cameraMode":{"drawMode":0,"name":"Shaded","section":"Shading Mode"},"sceneLighting":true,"audioPlay":false,"sceneViewState":{"showFog":true,"showMaterialUpdate":false,"showSkybox":true,"showFlares":true,"showImageEffects":true,"showParticleSystems":true,"showVisualEffectGraphs":true,"m_FxEnabled":true},"in2DMode":false,"pivot":{"x":253.52304077148438,"y":160.37619018554688,"z":221.2563934326172},"rotation":{"x":0.23628777265548707,"y":-0.7310280799865723,"z":0.30771011114120486,"w":0.5613788962364197},"size":14.723152160644532,"orthographic":false}