{"cameraMode":{"drawMode":0,"name":"Shaded","section":"Shading Mode"},"sceneLighting":true,"audioPlay":false,"sceneViewState":{"showFog":true,"showMaterialUpdate":false,"showSkybox":true,"showFlares":true,"showImageEffects":true,"showParticleSystems":true,"showVisualEffectGraphs":true,"m_FxEnabled":true},"in2DMode":false,"pivot":{"x":-2.990243911743164,"y":2.2330760955810549,"z":5.9274139404296879},"rotation":{"x":-0.20875754952430726,"y":0.31385090947151186,"z":-0.07094480097293854,"w":-0.9235195517539978},"size":42.882747650146487,"orthographic":false}