{"cameraMode":{"drawMode":0,"name":"Shaded","section":"Shading Mode"},"sceneLighting":false,"audioPlay":false,"sceneViewState":{"showFog":true,"showMaterialUpdate":false,"showSkybox":false,"showFlares":true,"showImageEffects":true,"showParticleSystems":true,"showVisualEffectGraphs":true,"m_FxEnabled":false},"in2DMode":false,"pivot":{"x":0.296134889125824,"y":0.06575822830200196,"z":0.22267195582389832},"rotation":{"x":0.03299690783023834,"y":-0.9618209004402161,"z":0.13446448743343354,"w":0.23611459136009217},"size":0.8660253882408142,"orthographic":false}