{"cameraMode":{"drawMode":0,"name":"Shaded","section":"Shading Mode"},"sceneLighting":false,"audioPlay":false,"sceneViewState":{"showFog":true,"showMaterialUpdate":false,"showSkybox":false,"showFlares":true,"showImageEffects":true,"showParticleSystems":true,"showVisualEffectGraphs":true,"m_FxEnabled":true},"in2DMode":false,"pivot":{"x":-0.04489642381668091,"y":0.054125964641571048,"z":-0.10381016135215759},"rotation":{"x":0.06507188826799393,"y":0.927078902721405,"z":-0.19093257188796998,"w":0.3159811496734619},"size":1.1660254001617432,"orthographic":false}