{"cameraMode":{"drawMode":0,"name":"Shaded","section":"Shading Mode"},"sceneLighting":false,"audioPlay":false,"sceneViewState":{"showFog":true,"showMaterialUpdate":false,"showSkybox":false,"showFlares":true,"showImageEffects":true,"showParticleSystems":true,"showVisualEffectGraphs":true,"m_FxEnabled":true},"in2DMode":false,"pivot":{"x":-7.71380615234375,"y":-16.219066619873048,"z":48.169517517089847},"rotation":{"x":0.16301052272319795,"y":-0.08926205337047577,"z":0.014761269092559815,"w":0.9825164079666138},"size":28.632564544677736,"orthographic":false}