{"cameraMode":{"drawMode":0,"name":"Shaded","section":"Shading Mode"},"sceneLighting":false,"audioPlay":false,"sceneViewState":{"showFog":true,"showMaterialUpdate":false,"showSkybox":false,"showFlares":true,"showImageEffects":true,"showParticleSystems":true,"showVisualEffectGraphs":true,"m_FxEnabled":true},"in2DMode":false,"pivot":{"x":0.8916793465614319,"y":2.2310867309570314,"z":-0.0329599492251873},"rotation":{"x":-0.10796298831701279,"y":0.2813688814640045,"z":-0.031876519322395328,"w":-0.9529727697372437},"size":2.1424286365509035,"orthographic":false}