{"cameraMode":{"drawMode":0,"name":"Shaded","section":"Shading Mode"},"sceneLighting":false,"audioPlay":false,"sceneViewState":{"showFog":true,"showMaterialUpdate":false,"showSkybox":false,"showFlares":true,"showImageEffects":true,"showParticleSystems":true,"showVisualEffectGraphs":true,"m_FxEnabled":true},"in2DMode":false,"pivot":{"x":0.4249497950077057,"y":0.1789761781692505,"z":0.5908569097518921},"rotation":{"x":0.16170737147331239,"y":0.5566495060920715,"z":-0.11148757487535477,"w":0.8071960806846619},"size":1.1064372062683106,"orthographic":false}