{"cameraMode":{"drawMode":0,"name":"Shaded","section":"Shading Mode"},"sceneLighting":false,"audioPlay":false,"sceneViewState":{"showFog":true,"showMaterialUpdate":false,"showSkybox":false,"showFlares":true,"showImageEffects":true,"showParticleSystems":true,"showVisualEffectGraphs":true,"m_FxEnabled":true},"in2DMode":false,"pivot":{"x":0.6243681907653809,"y":0.28364768624305727,"z":0.5317965745925903},"rotation":{"x":-0.031763698905706409,"y":0.9215107560157776,"z":-0.07702425867319107,"w":-0.3794448673725128},"size":0.5064369440078735,"orthographic":false}