{"cameraMode":{"drawMode":0,"name":"Shaded","section":"Shading Mode"},"sceneLighting":false,"audioPlay":false,"sceneViewState":{"showFog":true,"showMaterialUpdate":false,"showSkybox":false,"showFlares":true,"showImageEffects":true,"showParticleSystems":true,"showVisualEffectGraphs":true,"m_FxEnabled":true},"in2DMode":false,"pivot":{"x":-1.1240227222442628,"y":-0.12573963403701783,"z":-0.24360500276088715},"rotation":{"x":0.04855043441057205,"y":0.8068410158157349,"z":-0.06696736812591553,"w":0.5849509835243225},"size":0.7106985449790955,"orthographic":false}