{"cameraMode":{"drawMode":0,"name":"Shaded","section":"Shading Mode"},"sceneLighting":true,"audioPlay":false,"sceneViewState":{"showFog":true,"showMaterialUpdate":false,"showSkybox":false,"showFlares":true,"showImageEffects":true,"showParticleSystems":true,"showVisualEffectGraphs":true,"m_FxEnabled":true},"in2DMode":false,"pivot":{"x":0.6271830797195435,"y":1.2564995288848878,"z":-0.2764463424682617},"rotation":{"x":0.3727552890777588,"y":0.11150971800088883,"z":-0.045197173953056338,"w":0.9201256632804871},"size":4.652332782745361,"orthographic":false}