{"cameraMode":{"drawMode":0,"name":"Shaded","section":"Shading Mode"},"sceneLighting":false,"audioPlay":false,"sceneViewState":{"showFog":true,"showMaterialUpdate":false,"showSkybox":false,"showFlares":true,"showImageEffects":true,"showParticleSystems":true,"showVisualEffectGraphs":true,"m_FxEnabled":true},"in2DMode":false,"pivot":{"x":-0.13965710997581483,"y":-0.06818912923336029,"z":-0.04398826137185097},"rotation":{"x":-0.29425615072250368,"y":-0.591776430606842,"z":0.24554584920406342,"w":-0.7091736197471619},"size":1.229291319847107,"orthographic":false}