{"cameraMode":{"drawMode":0,"name":"Shaded","section":"Shading Mode"},"sceneLighting":true,"audioPlay":false,"sceneViewState":{"showFog":false,"showMaterialUpdate":false,"showSkybox":false,"showFlares":false,"showImageEffects":false,"showParticleSystems":false,"showVisualEffectGraphs":true,"m_FxEnabled":true},"in2DMode":false,"pivot":{"x":0.0321367084980011,"y":-2.1702513694763185,"z":2.6121864318847658},"rotation":{"x":-0.34215113520622256,"y":0.054078564047813418,"z":-0.01972905360162258,"w":-0.9378816485404968},"size":3.6340582370758058,"orthographic":false}