{"cameraMode":{"drawMode":0,"name":"Shaded","section":"Shading Mode"},"sceneLighting":true,"audioPlay":false,"sceneViewState":{"showFog":true,"showMaterialUpdate":false,"showSkybox":false,"showFlares":true,"showImageEffects":true,"showParticleSystems":true,"showVisualEffectGraphs":true,"m_FxEnabled":true},"in2DMode":false,"pivot":{"x":0.18669471144676209,"y":1.8974748849868775,"z":-0.2605416476726532},"rotation":{"x":-0.0766260176897049,"y":0.05291559174656868,"z":-0.0040724389255046848,"w":-0.9956467151641846},"size":0.06350016593933106,"orthographic":false}