{"cameraMode":{"drawMode":0,"name":"Shaded","section":"Shading Mode"},"sceneLighting":false,"audioPlay":false,"sceneViewState":{"showFog":true,"showMaterialUpdate":false,"showSkybox":false,"showFlares":true,"showImageEffects":true,"showParticleSystems":true,"showVisualEffectGraphs":true,"m_FxEnabled":true},"in2DMode":false,"pivot":{"x":-0.09223520755767822,"y":0.6770448684692383,"z":-0.2697387933731079},"rotation":{"x":0.08213536441326142,"y":-0.16692940890789033,"z":0.013960064388811589,"w":0.9824504256248474},"size":4.506778717041016,"orthographic":false}