{"cameraMode":{"drawMode":0,"name":"Shaded","section":"Shading Mode"},"sceneLighting":false,"audioPlay":false,"sceneViewState":{"showFog":true,"showMaterialUpdate":false,"showSkybox":false,"showFlares":true,"showImageEffects":true,"showParticleSystems":true,"showVisualEffectGraphs":true,"m_FxEnabled":true},"in2DMode":false,"pivot":{"x":0.6919736266136169,"y":3.240373134613037,"z":-7.052731037139893},"rotation":{"x":0.11005230247974396,"y":0.23153813183307649,"z":-0.026368457823991777,"w":0.9662278294563294},"size":3.6180925369262697,"orthographic":false}