{"cameraMode":{"drawMode":0,"name":"Shaded","section":"Shading Mode"},"sceneLighting":false,"audioPlay":false,"sceneViewState":{"showFog":true,"showMaterialUpdate":false,"showSkybox":false,"showFlares":true,"showImageEffects":true,"showParticleSystems":true,"showVisualEffectGraphs":true,"m_FxEnabled":true},"in2DMode":false,"pivot":{"x":-1.9676918983459473,"y":2.2392683029174806,"z":-0.48366543650627139},"rotation":{"x":-0.16462241113185883,"y":0.7120596170425415,"z":-0.17788925766944886,"w":-0.6589736342430115},"size":3.8580400943756105,"orthographic":false}