{"cameraMode":{"drawMode":0,"name":"Shaded","section":"Shading Mode"},"sceneLighting":true,"audioPlay":false,"sceneViewState":{"showFog":true,"showMaterialUpdate":false,"showSkybox":true,"showFlares":true,"showImageEffects":true,"showParticleSystems":true,"showVisualEffectGraphs":true,"m_FxEnabled":false},"in2DMode":false,"pivot":{"x":796.1726684570313,"y":487.5370788574219,"z":-662.725830078125},"rotation":{"x":-0.000006442487119784346,"y":0.9997861385345459,"z":-0.00030950046493671834,"w":-0.02069750986993313},"size":1068.537841796875,"orthographic":false}