{"cameraMode":{"drawMode":0,"name":"Shaded","section":"Shading Mode"},"sceneLighting":true,"audioPlay":false,"sceneViewState":{"showFog":true,"showMaterialUpdate":false,"showSkybox":true,"showFlares":true,"showImageEffects":true,"showParticleSystems":true,"showVisualEffectGraphs":true,"m_FxEnabled":true},"in2DMode":false,"pivot":{"x":78.72997283935547,"y":-14.43911075592041,"z":198.47523498535157},"rotation":{"x":-0.10853232443332672,"y":-0.15560778975486756,"z":0.017203405499458314,"w":-0.9816868901252747},"size":204.65789794921876,"orthographic":false}