{"cameraMode":{"drawMode":0,"name":"Shaded","section":"Shading Mode"},"sceneLighting":true,"audioPlay":false,"sceneViewState":{"showFog":true,"showMaterialUpdate":false,"showSkybox":true,"showFlares":true,"showImageEffects":true,"showParticleSystems":true,"showVisualEffectGraphs":true,"m_FxEnabled":true},"in2DMode":false,"pivot":{"x":-23.316160202026368,"y":6.275392532348633,"z":47.24433135986328},"rotation":{"x":0.23859137296676637,"y":0.0020426420960575344,"z":-0.0005311561399139464,"w":0.9711418747901917},"size":109.89620971679688,"orthographic":false}