{"cameraMode":{"drawMode":0,"name":"Shaded","section":"Shading Mode"},"sceneLighting":false,"audioPlay":false,"sceneViewState":{"showFog":true,"showMaterialUpdate":false,"showSkybox":false,"showFlares":true,"showImageEffects":true,"showParticleSystems":true,"showVisualEffectGraphs":true,"m_FxEnabled":true},"in2DMode":false,"pivot":{"x":-0.2199997901916504,"y":-0.06570005416870117,"z":0.13899993896484376},"rotation":{"x":0.19415590167045594,"y":0.6345589756965637,"z":-0.16912691295146943,"w":0.7287886142730713},"size":12.12435531616211,"orthographic":false}