{"cameraMode":{"drawMode":0,"name":"Shaded","section":"Shading Mode"},"sceneLighting":false,"audioPlay":false,"sceneViewState":{"showFog":true,"showMaterialUpdate":false,"showSkybox":false,"showFlares":true,"showImageEffects":true,"showParticleSystems":true,"showVisualEffectGraphs":true,"m_FxEnabled":true},"in2DMode":false,"pivot":{"x":-0.5786964297294617,"y":0.26184970140457156,"z":0.8767532110214233},"rotation":{"x":0.04855043441057205,"y":0.8068410158157349,"z":-0.06696736812591553,"w":0.5849509835243225},"size":1.2635002136230469,"orthographic":false}