{"cameraMode":{"drawMode":0,"name":"Shaded","section":"Shading Mode"},"sceneLighting":true,"audioPlay":false,"sceneViewState":{"showFog":true,"showMaterialUpdate":false,"showSkybox":false,"showFlares":true,"showImageEffects":true,"showParticleSystems":true,"showVisualEffectGraphs":true,"m_FxEnabled":false},"in2DMode":false,"pivot":{"x":1.5550918579101563,"y":4.984785556793213,"z":1.4660660028457642},"rotation":{"x":0.005591720808297396,"y":-0.7453370690345764,"z":0.006267094053328037,"w":0.6666460633277893},"size":2.463785171508789,"orthographic":false}