{"cameraMode":{"drawMode":0,"name":"Shaded","section":"Shading Mode"},"sceneLighting":false,"audioPlay":false,"sceneViewState":{"showFog":true,"showMaterialUpdate":false,"showSkybox":false,"showFlares":true,"showImageEffects":true,"showParticleSystems":true,"showVisualEffectGraphs":true,"m_FxEnabled":true},"in2DMode":false,"pivot":{"x":-0.3087722063064575,"y":0.24602127075195313,"z":0.4968658685684204},"rotation":{"x":0.0003108402597717941,"y":0.9996840953826904,"z":0.01618594117462635,"w":-0.01919574849307537},"size":2.0303118228912355,"orthographic":false}