{"cameraMode":{"drawMode":0,"name":"Shaded","section":"Shading Mode"},"sceneLighting":false,"audioPlay":false,"sceneViewState":{"showFog":true,"showMaterialUpdate":false,"showSkybox":false,"showFlares":true,"showImageEffects":true,"showParticleSystems":true,"showVisualEffectGraphs":true,"m_FxEnabled":true},"in2DMode":false,"pivot":{"x":-1.6857407093048096,"y":13.692841529846192,"z":21.84926986694336},"rotation":{"x":0.01513028796762228,"y":0.9533729553222656,"z":-0.30107685923576357,"w":0.014236661605536938},"size":4.828713417053223,"orthographic":false}