{"cameraMode":{"drawMode":0,"name":"Shaded","section":"Shading Mode"},"sceneLighting":false,"audioPlay":false,"sceneViewState":{"showFog":true,"showMaterialUpdate":false,"showSkybox":false,"showFlares":true,"showImageEffects":true,"showParticleSystems":true,"showVisualEffectGraphs":true,"m_FxEnabled":true},"in2DMode":false,"pivot":{"x":2.0663275718688967,"y":-1.8890883922576905,"z":0.5157741904258728},"rotation":{"x":0.18016710877418519,"y":0.6741408705711365,"z":-0.17491106688976289,"w":0.6946802139282227},"size":5.0532002449035648,"orthographic":false}