{"cameraMode":{"drawMode":0,"name":"Shaded","section":"Shading Mode"},"sceneLighting":false,"audioPlay":false,"sceneViewState":{"showFog":true,"showMaterialUpdate":false,"showSkybox":false,"showFlares":true,"showImageEffects":true,"showParticleSystems":true,"showVisualEffectGraphs":true,"m_FxEnabled":true},"in2DMode":false,"pivot":{"x":2.2642455101013185,"y":-10.810572624206543,"z":21.869884490966798},"rotation":{"x":0.21366406977176667,"y":0.07669755816459656,"z":-0.01682460866868496,"w":0.9737513661384583},"size":13.638296127319336,"orthographic":false}